"Status","Start Time","Stop Time","Duration in ms","Parent Suite","Suite","Sub Suite","Test Class","Test Method","Name","Description"
"passed","Tue May 12 21:19:28 UTC 2026","Tue May 12 21:19:28 UTC 2026","332","tests","test_login","TestLoginFlow","","","test_login_validation[firefox-locked_out_user-secret_sauce-Epic sadface: Sorry, this user has been locked out.]",""
"passed","Tue May 12 21:12:19 UTC 2026","Tue May 12 21:12:19 UTC 2026","279","tests","test_login","TestLoginFlow","","","test_login_validation[chromium-locked_out_user-secret_sauce-Epic sadface: Sorry, this user has been locked out.]",""
"passed","Tue May 12 21:12:55 UTC 2026","Tue May 12 21:12:56 UTC 2026","1320","tests","test_login","TestLoginFlow","","","test_successful_login[webkit]",""
"passed","Tue May 12 21:12:18 UTC 2026","Tue May 12 21:12:19 UTC 2026","411","tests","test_login","TestLoginFlow","","","test_successful_login[chromium]",""
"passed","Tue May 12 21:19:27 UTC 2026","Tue May 12 21:19:28 UTC 2026","740","tests","test_login","TestLoginFlow","","","test_successful_login[firefox]",""
"passed","Tue May 12 21:12:57 UTC 2026","Tue May 12 21:12:57 UTC 2026","391","tests","test_login","TestLoginFlow","","","test_login_validation[webkit-standard_user-wrongpass-Epic sadface: Username and password do not match any user in this service]",""
"passed","Tue May 12 21:12:56 UTC 2026","Tue May 12 21:12:57 UTC 2026","382","tests","test_login","TestLoginFlow","","","test_login_validation[webkit-locked_out_user-secret_sauce-Epic sadface: Sorry, this user has been locked out.]",""
"passed","Tue May 12 21:12:19 UTC 2026","Tue May 12 21:12:19 UTC 2026","321","tests","test_login","TestLoginFlow","","","test_login_validation[chromium-standard_user-wrongpass-Epic sadface: Username and password do not match any user in this service]",""
"passed","Tue May 12 21:19:28 UTC 2026","Tue May 12 21:19:29 UTC 2026","335","tests","test_login","TestLoginFlow","","","test_login_validation[firefox-standard_user-wrongpass-Epic sadface: Username and password do not match any user in this service]",""
